-- Minimal seed so the stand has something visible right after `up -d`.
-- The full benchmark dataset (1k customers, 10k orders, 30k items) is
-- generated by evaluation/scripts/generate_datasets.py and loaded via
-- demo/bootstrap.sh.

SET search_path TO ops, public;

INSERT INTO customers (id, name, email, country, tenant_id) VALUES
    (1, 'Alice Cooper',   'alice@acme-corp.de',   'DE', 'acme'),
    (2, 'Bob Marley',     'bob@acme-corp.uk',     'GB', 'acme'),
    (3, 'Carla Vasquez',  'carla@globex.es',      'ES', 'globex'),
    (4, 'Dieter Schmidt', 'dieter@globex.de',     'DE', 'globex')
ON CONFLICT (id) DO NOTHING;

INSERT INTO products (sku, name, category, brand, price) VALUES
    ('ACME-DRILL-01', 'Cordless Drill 18V',     'tools',       'Acme',   129.90),
    ('ACME-SAW-01',   'Circular Saw 1500W',     'tools',       'Acme',   189.00),
    ('GLBX-LAMP-01',  'Designer Floor Lamp',    'home',        'Globex',  79.50),
    ('GLBX-CHAIR-01', 'Ergo Office Chair',      'office',      'Globex', 249.00)
ON CONFLICT (sku) DO NOTHING;

INSERT INTO orders (id, customer_id, status, total, ordered_at) VALUES
    (1001, 1, 'delivered', 318.90, '2026-03-15 10:14:00+00'),
    (1002, 2, 'paid',      189.00, '2026-03-22 16:02:00+00'),
    (1003, 3, 'shipped',    79.50, '2026-04-01 09:30:00+00'),
    (1004, 4, 'placed',    249.00, '2026-04-10 12:45:00+00')
ON CONFLICT (id) DO NOTHING;

INSERT INTO order_items (order_id, product_sku, qty, line_total) VALUES
    (1001, 'ACME-DRILL-01', 1, 129.90),
    (1001, 'ACME-SAW-01',   1, 189.00),
    (1002, 'ACME-SAW-01',   1, 189.00),
    (1003, 'GLBX-LAMP-01',  1,  79.50),
    (1004, 'GLBX-CHAIR-01', 1, 249.00)
ON CONFLICT DO NOTHING;
